slug,intent,path_en,seoTitle_en,seoTitle_length,seoTitle_status,seoDescription_en,seoDescription_length,seoDescription_status
average-order-value-calculator,informational,/en/average-order-value-calculator,Average Order Value Formula & Calculator (Free Online),54,OK,"Track transaction quality and campaign impact. Built for Ecommerce & Growth Teams, this free online average order value calculator gives accurate results in...",159,OK
break-even-point,informational,/en/break-even-point,Break-Even Point Formula & Calculator (Free Online),51,OK,"Know how many units you must sell to break even. Built for Startup Founders & Managers, this free online break even point gives accurate results in seconds...",158,OK
break-even-revenue-calculator,informational,/en/break-even-revenue-calculator,How to Calculate Break-Even Revenue (Free Online Tool),54,OK,"Estimate minimum revenue needed to avoid losses. Built for Founders & Finance Teams, this free online break even revenue calculator gives accurate results...",157,OK
cash-flow-forecast,informational,/en/cash-flow-forecast,How to Calculate Cash Flow Forecast (Free Online Tool),54,OK,"Project cash balance and avoid shortfalls early. Built for Finance Teams & Founders, this free online cash flow forecast gives accurate results in seconds...",157,OK
cash-runway-calculator,commercial,/en/cash-runway-calculator,Cash Runway Calculator for Startups & Finance Leads (Instant),61,OK,"Estimate how long your cash can sustain operations. Built for Startups & Finance Leads, this free online cash runway calculator gives accurate results in...",156,OK
compound-interest-calculator,informational,/en/compound-interest-calculator,Compound Interest Formula & Calculator (Free Online),52,OK,"See long-term growth from compounding returns. Built for Investors & Savers, this free online compound interest calculator gives accurate results in seconds...",159,OK
discount-reverse-calculator,transactional,/en/discount-reverse-calculator,Free Original Price from Discount Calculator Online,51,OK,"Recover pre-discount prices accurately. Built for Retail Teams & Sellers, this free online discount reverse calculator gives accurate results in seconds for...",159,OK
expense-ratio-calculator,informational,/en/expense-ratio-calculator,Expense Ratio Formula & Calculator (Free Online),48,OK,"See how much revenue is consumed by costs. Built for Finance Managers, this free online expense ratio calculator gives accurate results in seconds for...",153,OK
flat-installment-calculator,transactional,/en/flat-installment-calculator,Free Flat Installment Calculator Online for Finance Admins & Borrowers,70,OK,"Calculate fixed installments with flat interest. Built for Finance Admins & Borrowers, this free online flat installment calculator gives accurate results...",157,OK
gross-margin-calculator,commercial,/en/gross-margin-calculator,Best Gross Margin Calculator for Product and Sales Teams,56,OK,"Measure profit before operating expenses. Built for Product and Sales Teams, this free online gross margin calculator gives accurate results in seconds for...",158,OK
gross-profit-target-calculator,commercial,/en/gross-profit-target-calculator,Best Gross Profit Target Calculator for Sales & Finance Teams,61,OK,"Calculate revenue needed to reach gross profit goals. Built for Sales & Finance Teams, this free online gross profit target calculator gives accurate...",152,OK
invoice-due-date-calculator,transactional,/en/invoice-due-date-calculator,Free Invoice Due Date Calculator Online for Freelancers & AR Teams,66,OK,"Generate due dates quickly from payment terms. Built for Freelancers & AR Teams, this free online invoice due date calculator gives accurate results in...",154,OK
invoice-generator,transactional,/en/invoice-generator,Free Invoice Generator Calculator Online,40,OK,"Create polished invoices with tax-ready totals. Built for Freelancers & Small Businesses, this free online invoice generator gives accurate results in...",153,OK
invoice-tax-breakdown-calculator,transactional,/en/invoice-tax-breakdown-calculator,Free Invoice Tax Breakdown Calculator Online,44,OK,"Separate subtotal, tax, and total instantly. Built for Billing & Accounting Teams, this free online invoice tax breakdown calculator gives accurate results...",158,OK
kalkulator-diskon,transactional,/en/kalkulator-diskon,Discount Tool for Retail Sellers & Online Stores (Free & Accurate),66,OK,"Calculate final prices and savings instantly. Built for Retail Sellers & Online Stores, this free online discount calculator gives accurate results in...",153,OK
kalkulator-margin,commercial,/en/kalkulator-margin,Profit Margin Calculator for Sellers & Business Owners (Instant),64,OK,"Set healthier prices with clear margin insights. Built for Sellers & Business Owners, this free online margin calculator gives accurate results in seconds...",157,OK
kalkulator-ppn,transactional,/en/kalkulator-ppn,VAT Tool for SMEs & Invoice Teams (Free & Accurate),51,OK,"Add or extract VAT quickly and accurately. Built for SMEs & Invoice Teams, this free online vat calculator gives accurate results in seconds for faster...",154,OK
late-payment-interest-calculator,transactional,/en/late-payment-interest-calculator,Free Late Payment Interest Calculator Online,44,OK,"Calculate overdue fees and updated invoice totals. Built for Freelancers & Billing Teams, this free online late payment interest calculator gives accurate...",157,OK
loan-affordability-calculator,commercial,/en/loan-affordability-calculator,Best Loan Affordability Calculator for Borrowers & Loan Applicants,66,OK,"Find a safer loan amount for your budget. Built for Borrowers & Loan Applicants, this free online loan affordability calculator gives accurate results in...",156,OK
loan-calculator,commercial,/en/loan-calculator,Loan Payment Calculator for Personal & Business Borrowers (Instant),67,OK,"Estimate monthly installments and total interest. Built for Personal & Business Borrowers, this free online loan calculator gives accurate results in...",152,OK
net-profit-margin-calculator,commercial,/en/net-profit-margin-calculator,Best Net Profit Margin Calculator for Finance Teams & Business Owners,69,OK,"Track bottom-line profitability with confidence. Built for Finance Teams & Business Owners, this free online net profit margin calculator gives accurate...",155,OK
payment-due-date-calculator,transactional,/en/payment-due-date-calculator,Free Payment Due Date Calculator Online,39,OK,"Set accurate due dates from payment terms. Built for Billing Teams & Freelancers, this free online payment due date calculator gives accurate results in...",155,OK
percentage-calculator,transactional,/en/percentage-calculator,"Percentage Tool for Students, Teams, and Daily Users (Free & Accurate)",70,OK,"Solve increase, decrease, and ratio questions fast. Built for Students, Teams, and Daily Users, this free online percentage calculator gives accurate...",152,OK
price-markup-calculator,commercial,/en/price-markup-calculator,Markup Price Calculator for Retail & Wholesale Sellers (Instant),64,OK,"Turn costs into profitable selling prices. Built for Retail & Wholesale Sellers, this free online price markup calculator gives accurate results in seconds...",158,OK
profit-calculator,transactional,/en/profit-calculator,Profit Tool for Business Owners & Store Managers (Free & Accurate),66,OK,"Calculate profit fast from revenue and costs. Built for Business Owners & Store Managers, this free online profit calculator gives accurate results in...",153,OK
profit-target-calculator,commercial,/en/profit-target-calculator,Profit Target Calculator for Business Owners (Instant),54,OK,"Find the sales needed to hit your profit goal. Built for Business Owners, this free online profit target calculator gives accurate results in seconds for...",156,OK
revenue-projection-calculator,informational,/en/revenue-projection-calculator,Revenue Projection Formula & Calculator (Free Online),53,OK,"Forecast future sales with clear assumptions. Built for Founders & Planning Teams, this free online revenue projection calculator gives accurate results in...",158,OK
roi-calculator,commercial,/en/roi-calculator,"ROI Calculator for Founders, Marketers, and Analysts (Instant)",62,OK,"Measure return quickly before committing budget. Built for Founders, Marketers, and Analysts, this free online roi calculator gives accurate results in...",154,OK
safety-stock-calculator,commercial,/en/safety-stock-calculator,Best Safety Stock Calculator for Inventory Managers,51,OK,"Set buffer stock levels to reduce stockout risk. Built for Inventory Managers, this free online safety stock calculator gives accurate results in seconds...",156,OK
salary-take-home-calculator,transactional,/en/salary-take-home-calculator,Take-Home Pay Tool for Employees & HR Teams (Free & Accurate),61,OK,"Estimate net salary after deductions in seconds. Built for Employees & HR Teams, this free online take-home pay calculator gives accurate results in seconds...",159,OK
sales-commission-calculator,transactional,/en/sales-commission-calculator,Sales Commission Tool for Sales Managers & Teams (Free & Accurate),66,OK,"Calculate commission payouts quickly and clearly. Built for Sales Managers & Teams, this free online sales commission calculator gives accurate results in...",157,OK
savings-goal-calculator,informational,/en/savings-goal-calculator,How to Calculate Savings Goal (Free Online Tool),48,OK,"Plan monthly savings needed to hit your target. Built for Personal Finance Planners, this free online savings goal calculator gives accurate results in...",154,OK
shipping-margin-calculator,transactional,/en/shipping-margin-calculator,Free Shipping Margin Calculator Online for Online Sellers,57,OK,"See real profit after shipping and fulfillment costs. Built for Online Sellers, this free online shipping margin calculator gives accurate results in...",152,OK
simple-interest-calculator,informational,/en/simple-interest-calculator,How to Calculate Simple Interest (Free Online Tool),51,OK,"Calculate interest and final value quickly. Built for Students, Borrowers, and Savers, this free online simple interest calculator gives accurate results in...",159,OK
stock-reorder-point-calculator,commercial,/en/stock-reorder-point-calculator,Best Reorder Point Calculator for Inventory & Procurement Teams,63,OK,"Set smarter reorder triggers to avoid stockouts. Built for Inventory & Procurement Teams, this free online stock reorder point calculator gives accurate...",155,OK
subscription-pricing-calculator,commercial,/en/subscription-pricing-calculator,Best Subscription Pricing Calculator for SaaS Founders & Product Teams,70,OK,"Set profitable recurring prices from cost targets. Built for SaaS Founders & Product Teams, this free online subscription pricing calculator gives accurate...",158,OK
tax-inclusive-price-calculator,transactional,/en/tax-inclusive-price-calculator,Tax-Inclusive Price Tool for Sales and Billing Teams (Free & Accurate),70,OK,"Split tax-inclusive totals into base and tax. Built for Sales and Billing Teams, this free online tax inclusive price calculator gives accurate results in...",157,OK
unit-cost-calculator,commercial,/en/unit-cost-calculator,Unit Cost Calculator for Manufacturing & Operations Teams (Instant),67,OK,"Know true cost per item before pricing. Built for Manufacturing & Operations Teams, this free online unit cost calculator gives accurate results in seconds...",158,OK
vat-reverse-calculator,transactional,/en/vat-reverse-calculator,VAT Reverse Tool for Finance & Tax Teams (Free & Accurate),58,OK,"Extract pre-tax values from VAT-inclusive totals. Built for Finance & Tax Teams, this free online vat reverse calculator gives accurate results in seconds...",157,OK
working-capital-calculator,commercial,/en/working-capital-calculator,Working Capital Calculator for SMEs & Operations Teams (Instant),64,OK,"Check liquidity needs for daily operations. Built for SMEs & Operations Teams, this free online working capital calculator gives accurate results in seconds...",159,OK